<?xml version="1.0" encoding="UTF-8"?>
<beans xmlns="http://www.springframework.org/schema/beans"
	xmlns:xsi="http://www.w3.org/2001/XMLSchema-instance"
	xsi:schemaLocation="http://www.springframework.org/schema/beans http://www.springframework.org/schema/beans/spring-beans.xsd">


<!--DataSource cfgs  -->
    <bean id="hdbcp" class="com.zaxxer.hikari.HikariDataSource">
    <property name="driverClassName" value="oracle.jdbc.driver.OracleDriver"/>
    <property name="jdbcUrl" value="jdbc:oracle:thin:@localhost:1521:orcl"/>
    <property name="username" value="system"/>
    <property name="password" value="manager"/>
    </bean>
    
    <!--DAO cfgs  -->
    <bean id="hotelDAO" class="com.nt.dao.HotelsInfoDAOImpl">
    <constructor-arg ref="hdbcp"/>
    </bean>   
    
    <!--Service cfgs  -->
    <bean id="hotelService" class="com.nt.service.HotelsInfoServiceImpl">
    <constructor-arg ref="hotelDAO"/>
    
    </bean>
    

</beans>
