<?xml version="1.0" encoding="UTF-8"?>
<beans xmlns="http://www.springframework.org/schema/beans"
	xmlns:xsi="http://www.w3.org/2001/XMLSchema-instance"
	xsi:schemaLocation="http://www.springframework.org/schema/beans http://www.springframework.org/schema/beans/spring-beans.xsd">
    
    
    
    <!--dependent bean cfgs  -->
    <bean id="event1" class="com.nt.beans.Events" primary="true" >
    <property name="games">
    <array>
    <value>Badminton</value>
    <value>BaseBall</value>
    <value>Kabaddi</value>
    <value>BasketBall</value>
    </array>
    </property>
    </bean>
    
    <!--dependent cfgs  -->
    <bean id="event2" class="com.nt.beans.Events" primary="true" >
    <property name="games">
    <array>
    <value>Cricket</value>
    <value>Football</value>
    <value>Golf</value>
    <value>HollyBall</value>
    </array>
    </property>
    </bean>
    
    <!--  -->
    <!-- <bean id="cal" class="java.util.Calendar" factory-method="getInstance"/> -->
  
    <!--Tournament class cfgs  -->
    <bean id="trnmt" class="com.nt.beans.Tournament" autowire="constructor"/> 
    <!-- <property name="event" ref="event"/> -->
</beans>
