<?xml version="1.0" encoding="UTF-8"?>
<beans xmlns="http://www.springframework.org/schema/beans"
	xmlns:xsi="http://www.w3.org/2001/XMLSchema-instance"
	xsi:schemaLocation="http://www.springframework.org/schema/beans http://www.springframework.org/schema/beans/spring-beans.xsd">
<!--  configuration -->
<bean id="drds" class="org.springframework.jdbc.datasource.DriverManagerDataSource">
<property name="driverClassName" value="oracle.jdbc.driver.OracleDriver"/>
<property name="url" value="jdbc:oracle:thin:@localhost:1521:orcl"/>
<property name="username" value="system"/>
<property name="password" value="manager"/>
</bean>



<!-- DAO configuration -->
<bean id="stDAO" class="com.nt.dao.StudentDaoImpl">
<constructor-arg ref="drds"/>
</bean>
<!-- service configuration -->
<bean id="stService" class="com.nt.service.StudentServiceImpl">
<constructor-arg ref="stDAO"/>
</bean>

<!-- Controller configuration -->

<bean id="stController" class="com.nt.controller.StudentController">
<constructor-arg ref="stService"/>
</bean>
</beans>
