<?xml version="1.0" encoding="UTF-8"?>
<beans xmlns="http://www.springframework.org/schema/beans"
	xmlns:xsi="http://www.w3.org/2001/XMLSchema-instance"
	xsi:schemaLocation="http://www.springframework.org/schema/beans http://www.springframework.org/schema/beans/spring-beans-2.5.xsd">


<!--Target bean cfgs -->
	<bean id="india" class="com.nt.beans.India"  dependency-check="objects">
		<property name="countryCode" value="91"/>
		<property name="nickName" value="Bharat"/>
		<property name="area" value="50000"/>
		<property name="kashmir" ref="stKashmir"/>
	</bean>

	<!--dependent bean cfgs -->
	<bean id="stKashmir" class="com.nt.beans.Kashmir">
		<property name="name" value="Kashmir" />
		<property name="type" value="State" />
		<property name="area" value="2000" />

	</bean>

</beans>
