
<?xml version="1.0" encoding="UTF-8"?>
<beans xmlns="http://www.springframework.org/schema/beans"
	xmlns:xsi="http://www.w3.org/2001/XMLSchema-instance"
	xsi:schemaLocation="http://www.springframework.org/schema/beans http://www.springframework.org/schema/beans/spring-beans-2.0.xsd">

 <!--dependent bean cfgs  -->
    <bean id="event21" class="com.nt.beans.Events" >
    <property name="games">
    <list>
    <value>Badminton</value>
    <value>BaseBall</value>
    <value>Kabaddi</value>
    <value>BasketBall</value>
    </list>
    </property>
    </bean>
    
    <!--dependent cfgs  -->
   <!--  <bean id="event2" class="com.nt.beans.Events" >
    <property name="games">
    <list>
    <value>Cricket</value>
    <value>Football</value>
    <value>Golf</value>
    <value>HollyBall</value>
    </list>
    </property>
    </bean> -->
    
    <!--  -->
    <!-- <bean id="cal" class="java.util.Calendar" factory-method="getInstance"/> -->
    
    <!--Tournament class cfgs  -->
    <bean id="trnmt" class="com.nt.beans.Tournament" autowire="autodetect"/> 
    <!-- <property name="event" ref="event"/> -->
</beans>
