<?xml version="1.0" encoding="UTF-8"?>
<beans xmlns="http://www.springframework.org/schema/beans"
	xmlns:xsi="http://www.w3.org/2001/XMLSchema-instance"
	xsi:schemaLocation="http://www.springframework.org/schema/beans http://www.springframework.org/schema/beans/spring-beans-4.3.xsd">


    <!--Dependent Bean -->
    <bean id="dfb" class="com.nt.beans.DateFactoryBean">
    <constructor-arg value="1988"/>
    <constructor-arg value="7"/>
    <constructor-arg value="17"/>
    </bean>
    
    <!--Target Bean cfgs  -->
    <bean id="sr" class="com.nt.beans.ScheduleReminder">
    <constructor-arg ref="dfb"/>
    </bean>
</beans>
