<?xml version="1.0" encoding="UTF-8"?>
<beans xmlns="http://www.springframework.org/schema/beans"
	xmlns:xsi="http://www.w3.org/2001/XMLSchema-instance"
	xsi:schemaLocation="http://www.springframework.org/schema/beans https://www.springframework.org/schema/beans/spring-beans-4.3.xsd">


    <!--Using static factory method for bean instantiation  (same class obj)-->
    <bean id="cz" class="java.lang.Class" factory-method="forName">
    <constructor-arg value="java.util.Date"/>
    </bean>
    
    <!--Using static factory method for bean instantiation (for diff class obj-->    
    <bean id="cal" class="java.util.Calendar" factory-method="getInstance"/>
    
    <!--Using Instance factory method for bean instantiation (return same class obj) -->
    <bean id="s1" class="java.lang.String">
    <constructor-arg value="Hello"/>
    </bean>
    
    <bean id="s2" factory-bean="s1" factory-method="concat">
    <constructor-arg value="World"/>
    </bean>
    
    
    <!--Using Instance factory method for bean instantiation (return diff class obj) -->
    <bean id="sb" class="java.lang.StringBuffer" >
    <constructor-arg value="hello how are you?"/>
    </bean>
    
    <bean id="s3" class="java.lang.String" factory-bean="sb" factory-method="substring">
    <constructor-arg value="0"/>
    <constructor-arg value="5"/>
    </bean>
    
</beans>
